C:\Users\HP PAVILION\Desktop\IMG\center_2023_05_01_16_01_00_960.jpg,C:\Users\HP PAVILION\Desktop\IMG\left_2023_05_01_16_01_00_960.jpg,C:\Users\HP PAVILION\Desktop\IMG\right_2023_05_01_16_01_00_960.jpg,0,0,0,0.0001426932
C:\Users\HP PAVILION\Desktop\IMG\center_2023_05_01_16_01_01_030.jpg,C:\Users\HP PAVILION\Desktop\IMG\left_2023_05_01_16_01_01_030.jpg,C:\Users\HP PAVILION\Desktop\IMG\right_2023_05_01_16_01_01_030.jpg,0,0,0,0.000119891
C:\Users\HP PAVILION\Desktop\IMG\center_2023_05_01_16_01_01_114.jpg,C:\Users\HP PAVILION\Desktop\IMG\left_2023_05_01_16_01_01_114.jpg,C:\Users\HP PAVILION\Desktop\IMG\right_2023_05_01_16_01_01_114.jpg,0,0,0,0.0001506542
C:\Users\HP PAVILION\Desktop\IMG\center_2023_05_01_16_01_01_195.jpg,C:\Users\HP PAVILION\Desktop\IMG\left_2023_05_01_16_01_01_195.jpg,C:\Users\HP PAVILION\Desktop\IMG\right_2023_05_01_16_01_01_195.jpg,0,0,0,0.000126989
C:\Users\HP PAVILION\Desktop\IMG\center_2023_05_01_16_01_01_269.jpg,C:\Users\HP PAVILION\Desktop\IMG\left_2023_05_01_16_01_01_269.jpg,C:\Users\HP PAVILION\Desktop\IMG\right_2023_05_01_16_01_01_269.jpg,0,0,0,0.0001986924
C:\Users\HP PAVILION\Desktop\IMG\center_2023_05_01_16_01_01_354.jpg,C:\Users\HP PAVILION\Desktop\IMG\left_2023_05_01_16_01_01_354.jpg,C:\Users\HP PAVILION\Desktop\IMG\right_2023_05_01_16_01_01_354.jpg,0,0,0,0.0001555244
C:\Users\HP PAVILION\Desktop\IMG\center_2023_05_01_16_01_01_427.jpg,C:\Users\HP PAVILION\Desktop\IMG\left_2023_05_01_16_01_01_427.jpg,C:\Users\HP PAVILION\Desktop\IMG\right_2023_05_01_16_01_01_427.jpg,0,0,0,0.0001448841
C:\Users\HP PAVILION\Desktop\IMG\center_2023_05_01_16_01_01_511.jpg,C:\Users\HP PAVILION\Desktop\IMG\left_2023_05_01_16_01_01_511.jpg,C:\Users\HP PAVILION\Desktop\IMG\right_2023_05_01_16_01_01_511.jpg,0,0,0,0.0001974541
C:\Users\HP PAVILION\Desktop\IMG\center_2023_05_01_16_01_01_587.jpg,C:\Users\HP PAVILION\Desktop\IMG\left_2023_05_01_16_01_01_587.jpg,C:\Users\HP PAVILION\Desktop\IMG\right_2023_05_01_16_01_01_587.jpg,0,0,0,0.0002012235
C:\Users\HP PAVILION\Desktop\IMG\center_2023_05_01_16_01_01_668.jpg,C:\Users\HP PAVILION\Desktop\IMG\left_2023_05_01_16_01_01_668.jpg,C:\Users\HP PAVILION\Desktop\IMG\right_2023_05_01_16_01_01_668.jpg,0,0,0,0.0001170647
C:\Users\HP PAVILION\Desktop\IMG\center_2023_05_01_16_01_01_747.jpg,C:\Users\HP PAVILION\Desktop\IMG\left_2023_05_01_16_01_01_747.jpg,C:\Users\HP PAVILION\Desktop\IMG\right_2023_05_01_16_01_01_747.jpg,0,0,0,0.000169469
C:\Users\HP PAVILION\Desktop\IMG\center_2023_05_01_16_01_01_832.jpg,C:\Users\HP PAVILION\Desktop\IMG\left_2023_05_01_16_01_01_832.jpg,C:\Users\HP PAVILION\Desktop\IMG\right_2023_05_01_16_01_01_832.jpg,0,0,0,0.000218185
C:\Users\HP PAVILION\Desktop\IMG\center_2023_05_01_16_01_01_901.jpg,C:\Users\HP PAVILION\Desktop\IMG\left_2023_05_01_16_01_01_901.jpg,C:\Users\HP PAVILION\Desktop\IMG\right_2023_05_01_16_01_01_901.jpg,0,0,0,0.0001523374
C:\Users\HP PAVILION\Desktop\IMG\center_2023_05_01_16_01_01_990.jpg,C:\Users\HP PAVILION\Desktop\IMG\left_2023_05_01_16_01_01_990.jpg,C:\Users\HP PAVILION\Desktop\IMG\right_2023_05_01_16_01_01_990.jpg,0,0,0,9.167232E-05
C:\Users\HP PAVILION\Desktop\IMG\center_2023_05_01_16_01_02_059.jpg,C:\Users\HP PAVILION\Desktop\IMG\left_2023_05_01_16_01_02_059.jpg,C:\Users\HP PAVILION\Desktop\IMG\right_2023_05_01_16_01_02_059.jpg,0,0,0,0.0001845606
C:\Users\HP PAVILION\Desktop\IMG\center_2023_05_01_16_01_02_143.jpg,C:\Users\HP PAVILION\Desktop\IMG\left_2023_05_01_16_01_02_143.jpg,C:\Users\HP PAVILION\Desktop\IMG\right_2023_05_01_16_01_02_143.jpg,0,0,0,0.0001228477
C:\Users\HP PAVILION\Desktop\IMG\center_2023_05_01_16_01_02_236.jpg,C:\Users\HP PAVILION\Desktop\IMG\left_2023_05_01_16_01_02_236.jpg,C:\Users\HP PAVILION\Desktop\IMG\right_2023_05_01_16_01_02_236.jpg,0,0,0,0.0001754852
C:\Users\HP PAVILION\Desktop\IMG\center_2023_05_01_16_01_02_317.jpg,C:\Users\HP PAVILION\Desktop\IMG\left_2023_05_01_16_01_02_317.jpg,C:\Users\HP PAVILION\Desktop\IMG\right_2023_05_01_16_01_02_317.jpg,0,0,0,0.0001395509
C:\Users\HP PAVILION\Desktop\IMG\center_2023_05_01_16_01_02_405.jpg,C:\Users\HP PAVILION\Desktop\IMG\left_2023_05_01_16_01_02_405.jpg,C:\Users\HP PAVILION\Desktop\IMG\right_2023_05_01_16_01_02_405.jpg,0,0,0,0.0001783173
C:\Users\HP PAVILION\Desktop\IMG\center_2023_05_01_16_01_02_480.jpg,C:\Users\HP PAVILION\Desktop\IMG\left_2023_05_01_16_01_02_480.jpg,C:\Users\HP PAVILION\Desktop\IMG\right_2023_05_01_16_01_02_480.jpg,0,0,0,0.0001781537
C:\Users\HP PAVILION\Desktop\IMG\center_2023_05_01_16_01_02_564.jpg,C:\Users\HP PAVILION\Desktop\IMG\left_2023_05_01_16_01_02_564.jpg,C:\Users\HP PAVILION\Desktop\IMG\right_2023_05_01_16_01_02_564.jpg,0,0,0,0.0001287361
C:\Users\HP PAVILION\Desktop\IMG\center_2023_05_01_16_01_02_668.jpg,C:\Users\HP PAVILION\Desktop\IMG\left_2023_05_01_16_01_02_668.jpg,C:\Users\HP PAVILION\Desktop\IMG\right_2023_05_01_16_01_02_668.jpg,0,0,0,0.0001592
C:\Users\HP PAVILION\Desktop\IMG\center_2023_05_01_16_01_02_751.jpg,C:\Users\HP PAVILION\Desktop\IMG\left_2023_05_01_16_01_02_751.jpg,C:\Users\HP PAVILION\Desktop\IMG\right_2023_05_01_16_01_02_751.jpg,0,0,0,0.0001820295
C:\Users\HP PAVILION\Desktop\IMG\center_2023_05_01_16_01_02_848.jpg,C:\Users\HP PAVILION\Desktop\IMG\left_2023_05_01_16_01_02_848.jpg,C:\Users\HP PAVILION\Desktop\IMG\right_2023_05_01_16_01_02_848.jpg,0,0,0,0.0001369215
C:\Users\HP PAVILION\Desktop\IMG\center_2023_05_01_16_01_02_916.jpg,C:\Users\HP PAVILION\Desktop\IMG\left_2023_05_01_16_01_02_916.jpg,C:\Users\HP PAVILION\Desktop\IMG\right_2023_05_01_16_01_02_916.jpg,0,0,0,0.0001307848
C:\Users\HP PAVILION\Desktop\IMG\center_2023_05_01_16_01_02_994.jpg,C:\Users\HP PAVILION\Desktop\IMG\left_2023_05_01_16_01_02_994.jpg,C:\Users\HP PAVILION\Desktop\IMG\right_2023_05_01_16_01_02_994.jpg,0,0,0,0.0001827526
C:\Users\HP PAVILION\Desktop\IMG\center_2023_05_01_16_01_03_068.jpg,C:\Users\HP PAVILION\Desktop\IMG\left_2023_05_01_16_01_03_068.jpg,C:\Users\HP PAVILION\Desktop\IMG\right_2023_05_01_16_01_03_068.jpg,0,0,0,0.0001425926
C:\Users\HP PAVILION\Desktop\IMG\center_2023_05_01_16_01_03_144.jpg,C:\Users\HP PAVILION\Desktop\IMG\left_2023_05_01_16_01_03_144.jpg,C:\Users\HP PAVILION\Desktop\IMG\right_2023_05_01_16_01_03_144.jpg,0,0,0,0.0001378037
C:\Users\HP PAVILION\Desktop\IMG\center_2023_05_01_16_01_03_224.jpg,C:\Users\HP PAVILION\Desktop\IMG\left_2023_05_01_16_01_03_224.jpg,C:\Users\HP PAVILION\Desktop\IMG\right_2023_05_01_16_01_03_224.jpg,0,0,0,0.0002194214
C:\Users\HP PAVILION\Desktop\IMG\center_2023_05_01_16_01_03_310.jpg,C:\Users\HP PAVILION\Desktop\IMG\left_2023_05_01_16_01_03_310.jpg,C:\Users\HP PAVILION\Desktop\IMG\right_2023_05_01_16_01_03_310.jpg,0,0,0,0.0001522268
C:\Users\HP PAVILION\Desktop\IMG\center_2023_05_01_16_01_03_384.jpg,C:\Users\HP PAVILION\Desktop\IMG\left_2023_05_01_16_01_03_384.jpg,C:\Users\HP PAVILION\Desktop\IMG\right_2023_05_01_16_01_03_384.jpg,0,0,0,0.0002137267
C:\Users\HP PAVILION\Desktop\IMG\center_2023_05_01_16_01_03_465.jpg,C:\Users\HP PAVILION\Desktop\IMG\left_2023_05_01_16_01_03_465.jpg,C:\Users\HP PAVILION\Desktop\IMG\right_2023_05_01_16_01_03_465.jpg,0,0,0,0.0001739195
C:\Users\HP PAVILION\Desktop\IMG\center_2023_05_01_16_01_03_550.jpg,C:\Users\HP PAVILION\Desktop\IMG\left_2023_05_01_16_01_03_550.jpg,C:\Users\HP PAVILION\Desktop\IMG\right_2023_05_01_16_01_03_550.jpg,0,0,0,0.0001378308
C:\Users\HP PAVILION\Desktop\IMG\center_2023_05_01_16_01_03_633.jpg,C:\Users\HP PAVILION\Desktop\IMG\left_2023_05_01_16_01_03_633.jpg,C:\Users\HP PAVILION\Desktop\IMG\right_2023_05_01_16_01_03_633.jpg,0,0,0,0.0001357013
C:\Users\HP PAVILION\Desktop\IMG\center_2023_05_01_16_01_03_711.jpg,C:\Users\HP PAVILION\Desktop\IMG\left_2023_05_01_16_01_03_711.jpg,C:\Users\HP PAVILION\Desktop\IMG\right_2023_05_01_16_01_03_711.jpg,0,0,0,0.0002054221
C:\Users\HP PAVILION\Desktop\IMG\center_2023_05_01_16_01_03_794.jpg,C:\Users\HP PAVILION\Desktop\IMG\left_2023_05_01_16_01_03_794.jpg,C:\Users\HP PAVILION\Desktop\IMG\right_2023_05_01_16_01_03_794.jpg,0,0,0,0.0001428585
C:\Users\HP PAVILION\Desktop\IMG\center_2023_05_01_16_01_03_869.jpg,C:\Users\HP PAVILION\Desktop\IMG\left_2023_05_01_16_01_03_869.jpg,C:\Users\HP PAVILION\Desktop\IMG\right_2023_05_01_16_01_03_869.jpg,0,0,0,0.0001310846
C:\Users\HP PAVILION\Desktop\IMG\center_2023_05_01_16_01_03_949.jpg,C:\Users\HP PAVILION\Desktop\IMG\left_2023_05_01_16_01_03_949.jpg,C:\Users\HP PAVILION\Desktop\IMG\right_2023_05_01_16_01_03_949.jpg,0,0,0,0.0002398155
C:\Users\HP PAVILION\Desktop\IMG\center_2023_05_01_16_01_04_029.jpg,C:\Users\HP PAVILION\Desktop\IMG\left_2023_05_01_16_01_04_029.jpg,C:\Users\HP PAVILION\Desktop\IMG\right_2023_05_01_16_01_04_029.jpg,0,0,0,0.0001447641
C:\Users\HP PAVILION\Desktop\IMG\center_2023_05_01_16_01_04_109.jpg,C:\Users\HP PAVILION\Desktop\IMG\left_2023_05_01_16_01_04_109.jpg,C:\Users\HP PAVILION\Desktop\IMG\right_2023_05_01_16_01_04_109.jpg,0,0,0,0.000130729
C:\Users\HP PAVILION\Desktop\IMG\center_2023_05_01_16_01_04_187.jpg,C:\Users\HP PAVILION\Desktop\IMG\left_2023_05_01_16_01_04_187.jpg,C:\Users\HP PAVILION\Desktop\IMG\right_2023_05_01_16_01_04_187.jpg,0,0,0,0.000150293
C:\Users\HP PAVILION\Desktop\IMG\center_2023_05_01_16_01_04_274.jpg,C:\Users\HP PAVILION\Desktop\IMG\left_2023_05_01_16_01_04_274.jpg,C:\Users\HP PAVILION\Desktop\IMG\right_2023_05_01_16_01_04_274.jpg,0,0,0,0.0001381733
C:\Users\HP PAVILION\Desktop\IMG\center_2023_05_01_16_01_04_347.jpg,C:\Users\HP PAVILION\Desktop\IMG\left_2023_05_01_16_01_04_347.jpg,C:\Users\HP PAVILION\Desktop\IMG\right_2023_05_01_16_01_04_347.jpg,0,0,0,0.0001750331
C:\Users\HP PAVILION\Desktop\IMG\center_2023_05_01_16_01_04_430.jpg,C:\Users\HP PAVILION\Desktop\IMG\left_2023_05_01_16_01_04_430.jpg,C:\Users\HP PAVILION\Desktop\IMG\right_2023_05_01_16_01_04_430.jpg,0,0,0,0.0001571688
C:\Users\HP PAVILION\Desktop\IMG\center_2023_05_01_16_01_04_509.jpg,C:\Users\HP PAVILION\Desktop\IMG\left_2023_05_01_16_01_04_509.jpg,C:\Users\HP PAVILION\Desktop\IMG\right_2023_05_01_16_01_04_509.jpg,0,0,0,0.0001023825
C:\Users\HP PAVILION\Desktop\IMG\center_2023_05_01_16_01_04_595.jpg,C:\Users\HP PAVILION\Desktop\IMG\left_2023_05_01_16_01_04_595.jpg,C:\Users\HP PAVILION\Desktop\IMG\right_2023_05_01_16_01_04_595.jpg,0,0,0,0.0001506312
C:\Users\HP PAVILION\Desktop\IMG\center_2023_05_01_16_01_04_673.jpg,C:\Users\HP PAVILION\Desktop\IMG\left_2023_05_01_16_01_04_673.jpg,C:\Users\HP PAVILION\Desktop\IMG\right_2023_05_01_16_01_04_673.jpg,0,0,0,0.0001387361
C:\Users\HP PAVILION\Desktop\IMG\center_2023_05_01_16_01_04_753.jpg,C:\Users\HP PAVILION\Desktop\IMG\left_2023_05_01_16_01_04_753.jpg,C:\Users\HP PAVILION\Desktop\IMG\right_2023_05_01_16_01_04_753.jpg,-0.2832618,0,0,0.0001768882
C:\Users\HP PAVILION\Desktop\IMG\center_2023_05_01_16_01_04_835.jpg,C:\Users\HP PAVILION\Desktop\IMG\left_2023_05_01_16_01_04_835.jpg,C:\Users\HP PAVILION\Desktop\IMG\right_2023_05_01_16_01_04_835.jpg,-0.5793992,0,0,0.0001971661
C:\Users\HP PAVILION\Desktop\IMG\center_2023_05_01_16_01_04_921.jpg,C:\Users\HP PAVILION\Desktop\IMG\left_2023_05_01_16_01_04_921.jpg,C:\Users\HP PAVILION\Desktop\IMG\right_2023_05_01_16_01_04_921.jpg,-0.1072961,0,0,0.0002330546
C:\Users\HP PAVILION\Desktop\IMG\center_2023_05_01_16_01_05_007.jpg,C:\Users\HP PAVILION\Desktop\IMG\left_2023_05_01_16_01_05_007.jpg,C:\Users\HP PAVILION\Desktop\IMG\right_2023_05_01_16_01_05_007.jpg,0.3819743,0,0,0.0001895177
C:\Users\HP PAVILION\Desktop\IMG\center_2023_05_01_16_01_05_087.jpg,C:\Users\HP PAVILION\Desktop\IMG\left_2023_05_01_16_01_05_087.jpg,C:\Users\HP PAVILION\Desktop\IMG\right_2023_05_01_16_01_05_087.jpg,0,0,0,9.893481E-05
C:\Users\HP PAVILION\Desktop\IMG\center_2023_05_01_16_01_05_164.jpg,C:\Users\HP PAVILION\Desktop\IMG\left_2023_05_01_16_01_05_164.jpg,C:\Users\HP PAVILION\Desktop\IMG\right_2023_05_01_16_01_05_164.jpg,0,0,0,0.000151926
C:\Users\HP PAVILION\Desktop\IMG\center_2023_05_01_16_01_05_244.jpg,C:\Users\HP PAVILION\Desktop\IMG\left_2023_05_01_16_01_05_244.jpg,C:\Users\HP PAVILION\Desktop\IMG\right_2023_05_01_16_01_05_244.jpg,0,0,0,0.0001473276
C:\Users\HP PAVILION\Desktop\IMG\center_2023_05_01_16_01_05_324.jpg,C:\Users\HP PAVILION\Desktop\IMG\left_2023_05_01_16_01_05_324.jpg,C:\Users\HP PAVILION\Desktop\IMG\right_2023_05_01_16_01_05_324.jpg,0,0,0,0.0001380882
C:\Users\HP PAVILION\Desktop\IMG\center_2023_05_01_16_01_05_417.jpg,C:\Users\HP PAVILION\Desktop\IMG\left_2023_05_01_16_01_05_417.jpg,C:\Users\HP PAVILION\Desktop\IMG\right_2023_05_01_16_01_05_417.jpg,0,0,0,0.0001157498
C:\Users\HP PAVILION\Desktop\IMG\center_2023_05_01_16_01_05_489.jpg,C:\Users\HP PAVILION\Desktop\IMG\left_2023_05_01_16_01_05_489.jpg,C:\Users\HP PAVILION\Desktop\IMG\right_2023_05_01_16_01_05_489.jpg,0,0,0,0.0001749313
C:\Users\HP PAVILION\Desktop\IMG\center_2023_05_01_16_01_05_579.jpg,C:\Users\HP PAVILION\Desktop\IMG\left_2023_05_01_16_01_05_579.jpg,C:\Users\HP PAVILION\Desktop\IMG\right_2023_05_01_16_01_05_579.jpg,0,0,0,0.0001556035
C:\Users\HP PAVILION\Desktop\IMG\center_2023_05_01_16_01_05_658.jpg,C:\Users\HP PAVILION\Desktop\IMG\left_2023_05_01_16_01_05_658.jpg,C:\Users\HP PAVILION\Desktop\IMG\right_2023_05_01_16_01_05_658.jpg,0,0,0,0.0002134211
C:\Users\HP PAVILION\Desktop\IMG\center_2023_05_01_16_01_05_741.jpg,C:\Users\HP PAVILION\Desktop\IMG\left_2023_05_01_16_01_05_741.jpg,C:\Users\HP PAVILION\Desktop\IMG\right_2023_05_01_16_01_05_741.jpg,0,0,0,0.0002010391
C:\Users\HP PAVILION\Desktop\IMG\center_2023_05_01_16_01_05_837.jpg,C:\Users\HP PAVILION\Desktop\IMG\left_2023_05_01_16_01_05_837.jpg,C:\Users\HP PAVILION\Desktop\IMG\right_2023_05_01_16_01_05_837.jpg,0,0,0,0.0001430261
C:\Users\HP PAVILION\Desktop\IMG\center_2023_05_01_16_01_05_916.jpg,C:\Users\HP PAVILION\Desktop\IMG\left_2023_05_01_16_01_05_916.jpg,C:\Users\HP PAVILION\Desktop\IMG\right_2023_05_01_16_01_05_916.jpg,0,0,0,0.0001373759
C:\Users\HP PAVILION\Desktop\IMG\center_2023_05_01_16_01_06_014.jpg,C:\Users\HP PAVILION\Desktop\IMG\left_2023_05_01_16_01_06_014.jpg,C:\Users\HP PAVILION\Desktop\IMG\right_2023_05_01_16_01_06_014.jpg,0,0,0,0.0001569703
C:\Users\HP PAVILION\Desktop\IMG\center_2023_05_01_16_01_06_097.jpg,C:\Users\HP PAVILION\Desktop\IMG\left_2023_05_01_16_01_06_097.jpg,C:\Users\HP PAVILION\Desktop\IMG\right_2023_05_01_16_01_06_097.jpg,0,0,0,0.0001465699
C:\Users\HP PAVILION\Desktop\IMG\center_2023_05_01_16_01_06_179.jpg,C:\Users\HP PAVILION\Desktop\IMG\left_2023_05_01_16_01_06_179.jpg,C:\Users\HP PAVILION\Desktop\IMG\right_2023_05_01_16_01_06_179.jpg,0,0,0,0.0001929894
C:\Users\HP PAVILION\Desktop\IMG\center_2023_05_01_16_01_06_262.jpg,C:\Users\HP PAVILION\Desktop\IMG\left_2023_05_01_16_01_06_262.jpg,C:\Users\HP PAVILION\Desktop\IMG\right_2023_05_01_16_01_06_262.jpg,0,0,0,0.0001614143
C:\Users\HP PAVILION\Desktop\IMG\center_2023_05_01_16_01_06_351.jpg,C:\Users\HP PAVILION\Desktop\IMG\left_2023_05_01_16_01_06_351.jpg,C:\Users\HP PAVILION\Desktop\IMG\right_2023_05_01_16_01_06_351.jpg,0,0,0,0.0002043018
C:\Users\HP PAVILION\Desktop\IMG\center_2023_05_01_16_01_06_433.jpg,C:\Users\HP PAVILION\Desktop\IMG\left_2023_05_01_16_01_06_433.jpg,C:\Users\HP PAVILION\Desktop\IMG\right_2023_05_01_16_01_06_433.jpg,0,0,0,0.0001390736
C:\Users\HP PAVILION\Desktop\IMG\center_2023_05_01_16_01_06_512.jpg,C:\Users\HP PAVILION\Desktop\IMG\left_2023_05_01_16_01_06_512.jpg,C:\Users\HP PAVILION\Desktop\IMG\right_2023_05_01_16_01_06_512.jpg,0,0,0,0.0001938314
C:\Users\HP PAVILION\Desktop\IMG\center_2023_05_01_16_01_06_596.jpg,C:\Users\HP PAVILION\Desktop\IMG\left_2023_05_01_16_01_06_596.jpg,C:\Users\HP PAVILION\Desktop\IMG\right_2023_05_01_16_01_06_596.jpg,0,0,0,0.0001772333
C:\Users\HP PAVILION\Desktop\IMG\center_2023_05_01_16_01_06_673.jpg,C:\Users\HP PAVILION\Desktop\IMG\left_2023_05_01_16_01_06_673.jpg,C:\Users\HP PAVILION\Desktop\IMG\right_2023_05_01_16_01_06_673.jpg,0,0,0,0.0001473138
C:\Users\HP PAVILION\Desktop\IMG\center_2023_05_01_16_01_06_747.jpg,C:\Users\HP PAVILION\Desktop\IMG\left_2023_05_01_16_01_06_747.jpg,C:\Users\HP PAVILION\Desktop\IMG\right_2023_05_01_16_01_06_747.jpg,0,0,0,0.0001518996
C:\Users\HP PAVILION\Desktop\IMG\center_2023_05_01_16_01_06_836.jpg,C:\Users\HP PAVILION\Desktop\IMG\left_2023_05_01_16_01_06_836.jpg,C:\Users\HP PAVILION\Desktop\IMG\right_2023_05_01_16_01_06_836.jpg,0,0,0,0.0001692801
C:\Users\HP PAVILION\Desktop\IMG\center_2023_05_01_16_01_06_915.jpg,C:\Users\HP PAVILION\Desktop\IMG\left_2023_05_01_16_01_06_915.jpg,C:\Users\HP PAVILION\Desktop\IMG\right_2023_05_01_16_01_06_915.jpg,0,0,0,0.0001323232
C:\Users\HP PAVILION\Desktop\IMG\center_2023_05_01_16_01_06_996.jpg,C:\Users\HP PAVILION\Desktop\IMG\left_2023_05_01_16_01_06_996.jpg,C:\Users\HP PAVILION\Desktop\IMG\right_2023_05_01_16_01_06_996.jpg,0,0,0,0.0001784243
C:\Users\HP PAVILION\Desktop\IMG\center_2023_05_01_16_01_07_076.jpg,C:\Users\HP PAVILION\Desktop\IMG\left_2023_05_01_16_01_07_076.jpg,C:\Users\HP PAVILION\Desktop\IMG\right_2023_05_01_16_01_07_076.jpg,0,0,0,0.0001512223
C:\Users\HP PAVILION\Desktop\IMG\center_2023_05_01_16_01_07_174.jpg,C:\Users\HP PAVILION\Desktop\IMG\left_2023_05_01_16_01_07_174.jpg,C:\Users\HP PAVILION\Desktop\IMG\right_2023_05_01_16_01_07_174.jpg,0,0,0,0.0001142131
C:\Users\HP PAVILION\Desktop\IMG\center_2023_05_01_16_01_07_246.jpg,C:\Users\HP PAVILION\Desktop\IMG\left_2023_05_01_16_01_07_246.jpg,C:\Users\HP PAVILION\Desktop\IMG\right_2023_05_01_16_01_07_246.jpg,0,0,0,0.0001234904
C:\Users\HP PAVILION\Desktop\IMG\center_2023_05_01_16_01_07_331.jpg,C:\Users\HP PAVILION\Desktop\IMG\left_2023_05_01_16_01_07_331.jpg,C:\Users\HP PAVILION\Desktop\IMG\right_2023_05_01_16_01_07_331.jpg,0,0,0,0.0001395144
C:\Users\HP PAVILION\Desktop\IMG\center_2023_05_01_16_01_07_406.jpg,C:\Users\HP PAVILION\Desktop\IMG\left_2023_05_01_16_01_07_406.jpg,C:\Users\HP PAVILION\Desktop\IMG\right_2023_05_01_16_01_07_406.jpg,0,0,0,0.0002042811
C:\Users\HP PAVILION\Desktop\IMG\center_2023_05_01_16_01_07_493.jpg,C:\Users\HP PAVILION\Desktop\IMG\left_2023_05_01_16_01_07_493.jpg,C:\Users\HP PAVILION\Desktop\IMG\right_2023_05_01_16_01_07_493.jpg,0,0,0,0.0001616617
C:\Users\HP PAVILION\Desktop\IMG\center_2023_05_01_16_01_07_563.jpg,C:\Users\HP PAVILION\Desktop\IMG\left_2023_05_01_16_01_07_563.jpg,C:\Users\HP PAVILION\Desktop\IMG\right_2023_05_01_16_01_07_563.jpg,0,0,0,0.0001145238
C:\Users\HP PAVILION\Desktop\IMG\center_2023_05_01_16_01_07_668.jpg,C:\Users\HP PAVILION\Desktop\IMG\left_2023_05_01_16_01_07_668.jpg,C:\Users\HP PAVILION\Desktop\IMG\right_2023_05_01_16_01_07_668.jpg,0,0,0,0.0001468027
C:\Users\HP PAVILION\Desktop\IMG\center_2023_05_01_16_01_07_744.jpg,C:\Users\HP PAVILION\Desktop\IMG\left_2023_05_01_16_01_07_744.jpg,C:\Users\HP PAVILION\Desktop\IMG\right_2023_05_01_16_01_07_744.jpg,0,0,0,0.0001392202
C:\Users\HP PAVILION\Desktop\IMG\center_2023_05_01_16_01_07_854.jpg,C:\Users\HP PAVILION\Desktop\IMG\left_2023_05_01_16_01_07_854.jpg,C:\Users\HP PAVILION\Desktop\IMG\right_2023_05_01_16_01_07_854.jpg,0,0,0,0.0001472292
C:\Users\HP PAVILION\Desktop\IMG\center_2023_05_01_16_01_07_929.jpg,C:\Users\HP PAVILION\Desktop\IMG\left_2023_05_01_16_01_07_929.jpg,C:\Users\HP PAVILION\Desktop\IMG\right_2023_05_01_16_01_07_929.jpg,0,0,0,0.0001289903
C:\Users\HP PAVILION\Desktop\IMG\center_2023_05_01_16_01_08_016.jpg,C:\Users\HP PAVILION\Desktop\IMG\left_2023_05_01_16_01_08_016.jpg,C:\Users\HP PAVILION\Desktop\IMG\right_2023_05_01_16_01_08_016.jpg,0,0,0,0.0001797813
C:\Users\HP PAVILION\Desktop\IMG\center_2023_05_01_16_01_08_089.jpg,C:\Users\HP PAVILION\Desktop\IMG\left_2023_05_01_16_01_08_089.jpg,C:\Users\HP PAVILION\Desktop\IMG\right_2023_05_01_16_01_08_089.jpg,0,0,0,0.00016638
C:\Users\HP PAVILION\Desktop\IMG\center_2023_05_01_16_01_08_178.jpg,C:\Users\HP PAVILION\Desktop\IMG\left_2023_05_01_16_01_08_178.jpg,C:\Users\HP PAVILION\Desktop\IMG\right_2023_05_01_16_01_08_178.jpg,0,0,0,0.0001819807
C:\Users\HP PAVILION\Desktop\IMG\center_2023_05_01_16_01_08_256.jpg,C:\Users\HP PAVILION\Desktop\IMG\left_2023_05_01_16_01_08_256.jpg,C:\Users\HP PAVILION\Desktop\IMG\right_2023_05_01_16_01_08_256.jpg,0,0,0,0.0001791215
C:\Users\HP PAVILION\Desktop\IMG\center_2023_05_01_16_01_08_331.jpg,C:\Users\HP PAVILION\Desktop\IMG\left_2023_05_01_16_01_08_331.jpg,C:\Users\HP PAVILION\Desktop\IMG\right_2023_05_01_16_01_08_331.jpg,0,0,0,0.000155954
C:\Users\HP PAVILION\Desktop\IMG\center_2023_05_01_16_01_08_570.jpg,C:\Users\HP PAVILION\Desktop\IMG\left_2023_05_01_16_01_08_570.jpg,C:\Users\HP PAVILION\Desktop\IMG\right_2023_05_01_16_01_08_570.jpg,0,0,0,0.0001540579
C:\Users\HP PAVILION\Desktop\IMG\center_2023_05_01_16_01_25_225.jpg,C:\Users\HP PAVILION\Desktop\IMG\left_2023_05_01_16_01_25_225.jpg,C:\Users\HP PAVILION\Desktop\IMG\right_2023_05_01_16_01_25_225.jpg,0,0,0,0.0002229453
C:\Users\HP PAVILION\Desktop\IMG\center_2023_05_01_16_01_25_327.jpg,C:\Users\HP PAVILION\Desktop\IMG\left_2023_05_01_16_01_25_327.jpg,C:\Users\HP PAVILION\Desktop\IMG\right_2023_05_01_16_01_25_327.jpg,0,0,0,0.0002849268
C:\Users\HP PAVILION\Desktop\IMG\center_2023_05_01_16_01_25_395.jpg,C:\Users\HP PAVILION\Desktop\IMG\left_2023_05_01_16_01_25_395.jpg,C:\Users\HP PAVILION\Desktop\IMG\right_2023_05_01_16_01_25_395.jpg,0,0,0,0.0002361486
C:\Users\HP PAVILION\Desktop\IMG\center_2023_05_01_16_01_25_471.jpg,C:\Users\HP PAVILION\Desktop\IMG\left_2023_05_01_16_01_25_471.jpg,C:\Users\HP PAVILION\Desktop\IMG\right_2023_05_01_16_01_25_471.jpg,0,0,0,0.0002713272
C:\Users\HP PAVILION\Desktop\IMG\center_2023_05_01_16_01_25_563.jpg,C:\Users\HP PAVILION\Desktop\IMG\left_2023_05_01_16_01_25_563.jpg,C:\Users\HP PAVILION\Desktop\IMG\right_2023_05_01_16_01_25_563.jpg,0,0,0,0.0002322459
C:\Users\HP PAVILION\Desktop\IMG\center_2023_05_01_16_01_25_632.jpg,C:\Users\HP PAVILION\Desktop\IMG\left_2023_05_01_16_01_25_632.jpg,C:\Users\HP PAVILION\Desktop\IMG\right_2023_05_01_16_01_25_632.jpg,0,0,0,0.00022167
C:\Users\HP PAVILION\Desktop\IMG\center_2023_05_01_16_01_25_713.jpg,C:\Users\HP PAVILION\Desktop\IMG\left_2023_05_01_16_01_25_713.jpg,C:\Users\HP PAVILION\Desktop\IMG\right_2023_05_01_16_01_25_713.jpg,0,0,0,0.0002437475
C:\Users\HP PAVILION\Desktop\IMG\center_2023_05_01_16_01_25_794.jpg,C:\Users\HP PAVILION\Desktop\IMG\left_2023_05_01_16_01_25_794.jpg,C:\Users\HP PAVILION\Desktop\IMG\right_2023_05_01_16_01_25_794.jpg,0,0,0,0.0002462569
C:\Users\HP PAVILION\Desktop\IMG\center_2023_05_01_16_01_25_866.jpg,C:\Users\HP PAVILION\Desktop\IMG\left_2023_05_01_16_01_25_866.jpg,C:\Users\HP PAVILION\Desktop\IMG\right_2023_05_01_16_01_25_866.jpg,0,0,0,0.0002402481
C:\Users\HP PAVILION\Desktop\IMG\center_2023_05_01_16_01_25_955.jpg,C:\Users\HP PAVILION\Desktop\IMG\left_2023_05_01_16_01_25_955.jpg,C:\Users\HP PAVILION\Desktop\IMG\right_2023_05_01_16_01_25_955.jpg,0,0,0,0.0002379554
C:\Users\HP PAVILION\Desktop\IMG\center_2023_05_01_16_01_26_029.jpg,C:\Users\HP PAVILION\Desktop\IMG\left_2023_05_01_16_01_26_029.jpg,C:\Users\HP PAVILION\Desktop\IMG\right_2023_05_01_16_01_26_029.jpg,0,0,0,0.0002816938
C:\Users\HP PAVILION\Desktop\IMG\center_2023_05_01_16_01_26_108.jpg,C:\Users\HP PAVILION\Desktop\IMG\left_2023_05_01_16_01_26_108.jpg,C:\Users\HP PAVILION\Desktop\IMG\right_2023_05_01_16_01_26_108.jpg,0,0,0,0.0002404728
C:\Users\HP PAVILION\Desktop\IMG\center_2023_05_01_16_01_26_184.jpg,C:\Users\HP PAVILION\Desktop\IMG\left_2023_05_01_16_01_26_184.jpg,C:\Users\HP PAVILION\Desktop\IMG\right_2023_05_01_16_01_26_184.jpg,0,0,0,0.0002786777
C:\Users\HP PAVILION\Desktop\IMG\center_2023_05_01_16_01_26_268.jpg,C:\Users\HP PAVILION\Desktop\IMG\left_2023_05_01_16_01_26_268.jpg,C:\Users\HP PAVILION\Desktop\IMG\right_2023_05_01_16_01_26_268.jpg,0,0,0,0.0002218748
C:\Users\HP PAVILION\Desktop\IMG\center_2023_05_01_16_01_26_355.jpg,C:\Users\HP PAVILION\Desktop\IMG\left_2023_05_01_16_01_26_355.jpg,C:\Users\HP PAVILION\Desktop\IMG\right_2023_05_01_16_01_26_355.jpg,0,0,0,0.0002923711
C:\Users\HP PAVILION\Desktop\IMG\center_2023_05_01_16_01_26_426.jpg,C:\Users\HP PAVILION\Desktop\IMG\left_2023_05_01_16_01_26_426.jpg,C:\Users\HP PAVILION\Desktop\IMG\right_2023_05_01_16_01_26_426.jpg,0,0,0,0.0002821367
C:\Users\HP PAVILION\Desktop\IMG\center_2023_05_01_16_01_26_507.jpg,C:\Users\HP PAVILION\Desktop\IMG\left_2023_05_01_16_01_26_507.jpg,C:\Users\HP PAVILION\Desktop\IMG\right_2023_05_01_16_01_26_507.jpg,0,0,0,0.0002780372
C:\Users\HP PAVILION\Desktop\IMG\center_2023_05_01_16_01_26_593.jpg,C:\Users\HP PAVILION\Desktop\IMG\left_2023_05_01_16_01_26_593.jpg,C:\Users\HP PAVILION\Desktop\IMG\right_2023_05_01_16_01_26_593.jpg,0,0,0,0.0002279468
C:\Users\HP PAVILION\Desktop\IMG\center_2023_05_01_16_01_26_664.jpg,C:\Users\HP PAVILION\Desktop\IMG\left_2023_05_01_16_01_26_664.jpg,C:\Users\HP PAVILION\Desktop\IMG\right_2023_05_01_16_01_26_664.jpg,0,0,0,0.0002740909
C:\Users\HP PAVILION\Desktop\IMG\center_2023_05_01_16_01_26_752.jpg,C:\Users\HP PAVILION\Desktop\IMG\left_2023_05_01_16_01_26_752.jpg,C:\Users\HP PAVILION\Desktop\IMG\right_2023_05_01_16_01_26_752.jpg,0,0,0,0.0002294918
C:\Users\HP PAVILION\Desktop\IMG\center_2023_05_01_16_01_26_825.jpg,C:\Users\HP PAVILION\Desktop\IMG\left_2023_05_01_16_01_26_825.jpg,C:\Users\HP PAVILION\Desktop\IMG\right_2023_05_01_16_01_26_825.jpg,0,0,0,0.0002416803
C:\Users\HP PAVILION\Desktop\IMG\center_2023_05_01_16_01_26_909.jpg,C:\Users\HP PAVILION\Desktop\IMG\left_2023_05_01_16_01_26_909.jpg,C:\Users\HP PAVILION\Desktop\IMG\right_2023_05_01_16_01_26_909.jpg,0,0,0,0.0002356541
C:\Users\HP PAVILION\Desktop\IMG\center_2023_05_01_16_01_26_989.jpg,C:\Users\HP PAVILION\Desktop\IMG\left_2023_05_01_16_01_26_989.jpg,C:\Users\HP PAVILION\Desktop\IMG\right_2023_05_01_16_01_26_989.jpg,0,0,0,0.0002645291
C:\Users\HP PAVILION\Desktop\IMG\center_2023_05_01_16_01_27_074.jpg,C:\Users\HP PAVILION\Desktop\IMG\left_2023_05_01_16_01_27_074.jpg,C:\Users\HP PAVILION\Desktop\IMG\right_2023_05_01_16_01_27_074.jpg,0,0,0,0.0002643077
C:\Users\HP PAVILION\Desktop\IMG\center_2023_05_01_16_01_27_150.jpg,C:\Users\HP PAVILION\Desktop\IMG\left_2023_05_01_16_01_27_150.jpg,C:\Users\HP PAVILION\Desktop\IMG\right_2023_05_01_16_01_27_150.jpg,0,0,0,0.0002615196
C:\Users\HP PAVILION\Desktop\IMG\center_2023_05_01_16_04_40_520.jpg,C:\Users\HP PAVILION\Desktop\IMG\left_2023_05_01_16_04_40_520.jpg,C:\Users\HP PAVILION\Desktop\IMG\right_2023_05_01_16_04_40_520.jpg,0,0,0,0.0170963
C:\Users\HP PAVILION\Desktop\IMG\center_2023_05_01_16_04_40_589.jpg,C:\Users\HP PAVILION\Desktop\IMG\left_2023_05_01_16_04_40_589.jpg,C:\Users\HP PAVILION\Desktop\IMG\right_2023_05_01_16_04_40_589.jpg,0,0,0,0.01848603
C:\Users\HP PAVILION\Desktop\IMG\center_2023_05_01_16_04_40_687.jpg,C:\Users\HP PAVILION\Desktop\IMG\left_2023_05_01_16_04_40_687.jpg,C:\Users\HP PAVILION\Desktop\IMG\right_2023_05_01_16_04_40_687.jpg,0,0,0,0.01680014
C:\Users\HP PAVILION\Desktop\IMG\center_2023_05_01_16_04_40_788.jpg,C:\Users\HP PAVILION\Desktop\IMG\left_2023_05_01_16_04_40_788.jpg,C:\Users\HP PAVILION\Desktop\IMG\right_2023_05_01_16_04_40_788.jpg,0,0,0,0.012246
C:\Users\HP PAVILION\Desktop\IMG\center_2023_05_01_16_04_40_884.jpg,C:\Users\HP PAVILION\Desktop\IMG\left_2023_05_01_16_04_40_884.jpg,C:\Users\HP PAVILION\Desktop\IMG\right_2023_05_01_16_04_40_884.jpg,0,0,0,0.006537517
C:\Users\HP PAVILION\Desktop\IMG\center_2023_05_01_16_04_40_986.jpg,C:\Users\HP PAVILION\Desktop\IMG\left_2023_05_01_16_04_40_986.jpg,C:\Users\HP PAVILION\Desktop\IMG\right_2023_05_01_16_04_40_986.jpg,0,0,0,0.001249638
C:\Users\HP PAVILION\Desktop\IMG\center_2023_05_01_16_04_41_082.jpg,C:\Users\HP PAVILION\Desktop\IMG\left_2023_05_01_16_04_41_082.jpg,C:\Users\HP PAVILION\Desktop\IMG\right_2023_05_01_16_04_41_082.jpg,0,0,0,0.003044707
C:\Users\HP PAVILION\Desktop\IMG\center_2023_05_01_16_04_41_157.jpg,C:\Users\HP PAVILION\Desktop\IMG\left_2023_05_01_16_04_41_157.jpg,C:\Users\HP PAVILION\Desktop\IMG\right_2023_05_01_16_04_41_157.jpg,0,0,0,0.004830263
C:\Users\HP PAVILION\Desktop\IMG\center_2023_05_01_16_04_41_253.jpg,C:\Users\HP PAVILION\Desktop\IMG\left_2023_05_01_16_04_41_253.jpg,C:\Users\HP PAVILION\Desktop\IMG\right_2023_05_01_16_04_41_253.jpg,0,0,0,0.006446836
C:\Users\HP PAVILION\Desktop\IMG\center_2023_05_01_16_04_41_354.jpg,C:\Users\HP PAVILION\Desktop\IMG\left_2023_05_01_16_04_41_354.jpg,C:\Users\HP PAVILION\Desktop\IMG\right_2023_05_01_16_04_41_354.jpg,0,0,0,0.006430287
C:\Users\HP PAVILION\Desktop\IMG\center_2023_05_01_16_04_41_449.jpg,C:\Users\HP PAVILION\Desktop\IMG\left_2023_05_01_16_04_41_449.jpg,C:\Users\HP PAVILION\Desktop\IMG\right_2023_05_01_16_04_41_449.jpg,0,0,0,0.005041847
C:\Users\HP PAVILION\Desktop\IMG\center_2023_05_01_16_04_41_522.jpg,C:\Users\HP PAVILION\Desktop\IMG\left_2023_05_01_16_04_41_522.jpg,C:\Users\HP PAVILION\Desktop\IMG\right_2023_05_01_16_04_41_522.jpg,0,0,0,0.003575845
C:\Users\HP PAVILION\Desktop\IMG\center_2023_05_01_16_04_41_590.jpg,C:\Users\HP PAVILION\Desktop\IMG\left_2023_05_01_16_04_41_590.jpg,C:\Users\HP PAVILION\Desktop\IMG\right_2023_05_01_16_04_41_590.jpg,0,0,0,0.00242574
C:\Users\HP PAVILION\Desktop\IMG\center_2023_05_01_16_04_41_692.jpg,C:\Users\HP PAVILION\Desktop\IMG\left_2023_05_01_16_04_41_692.jpg,C:\Users\HP PAVILION\Desktop\IMG\right_2023_05_01_16_04_41_692.jpg,0,0,0,0.0003949224
C:\Users\HP PAVILION\Desktop\IMG\center_2023_05_01_16_04_41_761.jpg,C:\Users\HP PAVILION\Desktop\IMG\left_2023_05_01_16_04_41_761.jpg,C:\Users\HP PAVILION\Desktop\IMG\right_2023_05_01_16_04_41_761.jpg,0,0,0,0.001153107
C:\Users\HP PAVILION\Desktop\IMG\center_2023_05_01_16_04_41_859.jpg,C:\Users\HP PAVILION\Desktop\IMG\left_2023_05_01_16_04_41_859.jpg,C:\Users\HP PAVILION\Desktop\IMG\right_2023_05_01_16_04_41_859.jpg,0,0,0,0.002061941
C:\Users\HP PAVILION\Desktop\IMG\center_2023_05_01_16_04_41_928.jpg,C:\Users\HP PAVILION\Desktop\IMG\left_2023_05_01_16_04_41_928.jpg,C:\Users\HP PAVILION\Desktop\IMG\right_2023_05_01_16_04_41_928.jpg,0,0,0,0.002595753
C:\Users\HP PAVILION\Desktop\IMG\center_2023_05_01_16_04_41_999.jpg,C:\Users\HP PAVILION\Desktop\IMG\left_2023_05_01_16_04_41_999.jpg,C:\Users\HP PAVILION\Desktop\IMG\right_2023_05_01_16_04_41_999.jpg,0,0,0,0.002811474
C:\Users\HP PAVILION\Desktop\IMG\center_2023_05_01_16_04_42_101.jpg,C:\Users\HP PAVILION\Desktop\IMG\left_2023_05_01_16_04_42_101.jpg,C:\Users\HP PAVILION\Desktop\IMG\right_2023_05_01_16_04_42_101.jpg,0,0,0,0.002524075
C:\Users\HP PAVILION\Desktop\IMG\center_2023_05_01_16_04_42_168.jpg,C:\Users\HP PAVILION\Desktop\IMG\left_2023_05_01_16_04_42_168.jpg,C:\Users\HP PAVILION\Desktop\IMG\right_2023_05_01_16_04_42_168.jpg,0,0,0,0.002307463
C:\Users\HP PAVILION\Desktop\IMG\center_2023_05_01_16_04_42_241.jpg,C:\Users\HP PAVILION\Desktop\IMG\left_2023_05_01_16_04_42_241.jpg,C:\Users\HP PAVILION\Desktop\IMG\right_2023_05_01_16_04_42_241.jpg,0,0,0,0.001419108
C:\Users\HP PAVILION\Desktop\IMG\center_2023_05_01_16_04_42_337.jpg,C:\Users\HP PAVILION\Desktop\IMG\left_2023_05_01_16_04_42_337.jpg,C:\Users\HP PAVILION\Desktop\IMG\right_2023_05_01_16_04_42_337.jpg,0,0,0,0.0009222811
C:\Users\HP PAVILION\Desktop\IMG\center_2023_05_01_16_04_42_434.jpg,C:\Users\HP PAVILION\Desktop\IMG\left_2023_05_01_16_04_42_434.jpg,C:\Users\HP PAVILION\Desktop\IMG\right_2023_05_01_16_04_42_434.jpg,0,0,0,0.0002654503
C:\Users\HP PAVILION\Desktop\IMG\center_2023_05_01_16_04_42_503.jpg,C:\Users\HP PAVILION\Desktop\IMG\left_2023_05_01_16_04_42_503.jpg,C:\Users\HP PAVILION\Desktop\IMG\right_2023_05_01_16_04_42_503.jpg,0,0,0,0.0003414744
C:\Users\HP PAVILION\Desktop\IMG\center_2023_05_01_16_04_42_605.jpg,C:\Users\HP PAVILION\Desktop\IMG\left_2023_05_01_16_04_42_605.jpg,C:\Users\HP PAVILION\Desktop\IMG\right_2023_05_01_16_04_42_605.jpg,0,0,0,0.0006859346
C:\Users\HP PAVILION\Desktop\IMG\center_2023_05_01_16_04_42_672.jpg,C:\Users\HP PAVILION\Desktop\IMG\left_2023_05_01_16_04_42_672.jpg,C:\Users\HP PAVILION\Desktop\IMG\right_2023_05_01_16_04_42_672.jpg,0,0,0,0.0006479184
C:\Users\HP PAVILION\Desktop\IMG\center_2023_05_01_16_04_42_746.jpg,C:\Users\HP PAVILION\Desktop\IMG\left_2023_05_01_16_04_42_746.jpg,C:\Users\HP PAVILION\Desktop\IMG\right_2023_05_01_16_04_42_746.jpg,0,0,0,0.0006455535
C:\Users\HP PAVILION\Desktop\IMG\center_2023_05_01_16_04_42_815.jpg,C:\Users\HP PAVILION\Desktop\IMG\left_2023_05_01_16_04_42_815.jpg,C:\Users\HP PAVILION\Desktop\IMG\right_2023_05_01_16_04_42_815.jpg,0,0,0,0.0005809307
C:\Users\HP PAVILION\Desktop\IMG\center_2023_05_01_16_04_42_885.jpg,C:\Users\HP PAVILION\Desktop\IMG\left_2023_05_01_16_04_42_885.jpg,C:\Users\HP PAVILION\Desktop\IMG\right_2023_05_01_16_04_42_885.jpg,0,0,0,0.0004120308
C:\Users\HP PAVILION\Desktop\IMG\center_2023_05_01_16_04_42_956.jpg,C:\Users\HP PAVILION\Desktop\IMG\left_2023_05_01_16_04_42_956.jpg,C:\Users\HP PAVILION\Desktop\IMG\right_2023_05_01_16_04_42_956.jpg,0,0,0,0.0004123226
C:\Users\HP PAVILION\Desktop\IMG\center_2023_05_01_16_04_43_031.jpg,C:\Users\HP PAVILION\Desktop\IMG\left_2023_05_01_16_04_43_031.jpg,C:\Users\HP PAVILION\Desktop\IMG\right_2023_05_01_16_04_43_031.jpg,0,0,0,0.0002251717
C:\Users\HP PAVILION\Desktop\IMG\center_2023_05_01_16_04_43_106.jpg,C:\Users\HP PAVILION\Desktop\IMG\left_2023_05_01_16_04_43_106.jpg,C:\Users\HP PAVILION\Desktop\IMG\right_2023_05_01_16_04_43_106.jpg,0,0,0,0.0002285573
C:\Users\HP PAVILION\Desktop\IMG\center_2023_05_01_16_04_43_176.jpg,C:\Users\HP PAVILION\Desktop\IMG\left_2023_05_01_16_04_43_176.jpg,C:\Users\HP PAVILION\Desktop\IMG\right_2023_05_01_16_04_43_176.jpg,0,0,0,0.0003182855
C:\Users\HP PAVILION\Desktop\IMG\center_2023_05_01_16_04_43_249.jpg,C:\Users\HP PAVILION\Desktop\IMG\left_2023_05_01_16_04_43_249.jpg,C:\Users\HP PAVILION\Desktop\IMG\right_2023_05_01_16_04_43_249.jpg,0,0,0,0.0005637557
C:\Users\HP PAVILION\Desktop\IMG\center_2023_05_01_16_04_43_323.jpg,C:\Users\HP PAVILION\Desktop\IMG\left_2023_05_01_16_04_43_323.jpg,C:\Users\HP PAVILION\Desktop\IMG\right_2023_05_01_16_04_43_323.jpg,0,0,0,0.0006527236
C:\Users\HP PAVILION\Desktop\IMG\center_2023_05_01_16_04_43_398.jpg,C:\Users\HP PAVILION\Desktop\IMG\left_2023_05_01_16_04_43_398.jpg,C:\Users\HP PAVILION\Desktop\IMG\right_2023_05_01_16_04_43_398.jpg,0,0,0,0.0005696793
C:\Users\HP PAVILION\Desktop\IMG\center_2023_05_01_16_04_43_476.jpg,C:\Users\HP PAVILION\Desktop\IMG\left_2023_05_01_16_04_43_476.jpg,C:\Users\HP PAVILION\Desktop\IMG\right_2023_05_01_16_04_43_476.jpg,0,0,0,0.0005593047
C:\Users\HP PAVILION\Desktop\IMG\center_2023_05_01_16_04_43_544.jpg,C:\Users\HP PAVILION\Desktop\IMG\left_2023_05_01_16_04_43_544.jpg,C:\Users\HP PAVILION\Desktop\IMG\right_2023_05_01_16_04_43_544.jpg,0,0,0,0.00053695
C:\Users\HP PAVILION\Desktop\IMG\center_2023_05_01_16_04_43_642.jpg,C:\Users\HP PAVILION\Desktop\IMG\left_2023_05_01_16_04_43_642.jpg,C:\Users\HP PAVILION\Desktop\IMG\right_2023_05_01_16_04_43_642.jpg,0,0,0,0.0004577188
C:\Users\HP PAVILION\Desktop\IMG\center_2023_05_01_16_04_43_710.jpg,C:\Users\HP PAVILION\Desktop\IMG\left_2023_05_01_16_04_43_710.jpg,C:\Users\HP PAVILION\Desktop\IMG\right_2023_05_01_16_04_43_710.jpg,0,0,0,0.0003964287
C:\Users\HP PAVILION\Desktop\IMG\center_2023_05_01_16_04_43_781.jpg,C:\Users\HP PAVILION\Desktop\IMG\left_2023_05_01_16_04_43_781.jpg,C:\Users\HP PAVILION\Desktop\IMG\right_2023_05_01_16_04_43_781.jpg,0,0,0,0.000448647
C:\Users\HP PAVILION\Desktop\IMG\center_2023_05_01_16_04_43_850.jpg,C:\Users\HP PAVILION\Desktop\IMG\left_2023_05_01_16_04_43_850.jpg,C:\Users\HP PAVILION\Desktop\IMG\right_2023_05_01_16_04_43_850.jpg,0,0,0,0.0004101871
C:\Users\HP PAVILION\Desktop\IMG\center_2023_05_01_16_04_43_918.jpg,C:\Users\HP PAVILION\Desktop\IMG\left_2023_05_01_16_04_43_918.jpg,C:\Users\HP PAVILION\Desktop\IMG\right_2023_05_01_16_04_43_918.jpg,0,0,0,0.0003896233
C:\Users\HP PAVILION\Desktop\IMG\center_2023_05_01_16_04_44_017.jpg,C:\Users\HP PAVILION\Desktop\IMG\left_2023_05_01_16_04_44_017.jpg,C:\Users\HP PAVILION\Desktop\IMG\right_2023_05_01_16_04_44_017.jpg,0,0,0,0.0002273525
C:\Users\HP PAVILION\Desktop\IMG\center_2023_05_01_16_04_44_085.jpg,C:\Users\HP PAVILION\Desktop\IMG\left_2023_05_01_16_04_44_085.jpg,C:\Users\HP PAVILION\Desktop\IMG\right_2023_05_01_16_04_44_085.jpg,0,0,0,0.000218564
C:\Users\HP PAVILION\Desktop\IMG\center_2023_05_01_16_04_44_155.jpg,C:\Users\HP PAVILION\Desktop\IMG\left_2023_05_01_16_04_44_155.jpg,C:\Users\HP PAVILION\Desktop\IMG\right_2023_05_01_16_04_44_155.jpg,0,0,0,0.0002258267
C:\Users\HP PAVILION\Desktop\IMG\center_2023_05_01_16_04_44_250.jpg,C:\Users\HP PAVILION\Desktop\IMG\left_2023_05_01_16_04_44_250.jpg,C:\Users\HP PAVILION\Desktop\IMG\right_2023_05_01_16_04_44_250.jpg,0,0,0,0.0002210468
C:\Users\HP PAVILION\Desktop\IMG\center_2023_05_01_16_04_44_341.jpg,C:\Users\HP PAVILION\Desktop\IMG\left_2023_05_01_16_04_44_341.jpg,C:\Users\HP PAVILION\Desktop\IMG\right_2023_05_01_16_04_44_341.jpg,0,0,0,0.0003338577
C:\Users\HP PAVILION\Desktop\IMG\center_2023_05_01_16_04_44_440.jpg,C:\Users\HP PAVILION\Desktop\IMG\left_2023_05_01_16_04_44_440.jpg,C:\Users\HP PAVILION\Desktop\IMG\right_2023_05_01_16_04_44_440.jpg,0,0,0,0.0002327811
C:\Users\HP PAVILION\Desktop\IMG\center_2023_05_01_16_04_44_532.jpg,C:\Users\HP PAVILION\Desktop\IMG\left_2023_05_01_16_04_44_532.jpg,C:\Users\HP PAVILION\Desktop\IMG\right_2023_05_01_16_04_44_532.jpg,0,0,0,0.0002425956
C:\Users\HP PAVILION\Desktop\IMG\center_2023_05_01_16_04_44_602.jpg,C:\Users\HP PAVILION\Desktop\IMG\left_2023_05_01_16_04_44_602.jpg,C:\Users\HP PAVILION\Desktop\IMG\right_2023_05_01_16_04_44_602.jpg,0,0,0,0.0002556827
C:\Users\HP PAVILION\Desktop\IMG\center_2023_05_01_16_04_44_696.jpg,C:\Users\HP PAVILION\Desktop\IMG\left_2023_05_01_16_04_44_696.jpg,C:\Users\HP PAVILION\Desktop\IMG\right_2023_05_01_16_04_44_696.jpg,0,0,0,0.0003927933
C:\Users\HP PAVILION\Desktop\IMG\center_2023_05_01_16_04_44_794.jpg,C:\Users\HP PAVILION\Desktop\IMG\left_2023_05_01_16_04_44_794.jpg,C:\Users\HP PAVILION\Desktop\IMG\right_2023_05_01_16_04_44_794.jpg,0,0,0,0.0004501105
C:\Users\HP PAVILION\Desktop\IMG\center_2023_05_01_16_04_44_891.jpg,C:\Users\HP PAVILION\Desktop\IMG\left_2023_05_01_16_04_44_891.jpg,C:\Users\HP PAVILION\Desktop\IMG\right_2023_05_01_16_04_44_891.jpg,0,0,0,0.000345154
C:\Users\HP PAVILION\Desktop\IMG\center_2023_05_01_16_04_44_967.jpg,C:\Users\HP PAVILION\Desktop\IMG\left_2023_05_01_16_04_44_967.jpg,C:\Users\HP PAVILION\Desktop\IMG\right_2023_05_01_16_04_44_967.jpg,0,0,0,0.0003562234
C:\Users\HP PAVILION\Desktop\IMG\center_2023_05_01_16_04_45_042.jpg,C:\Users\HP PAVILION\Desktop\IMG\left_2023_05_01_16_04_45_042.jpg,C:\Users\HP PAVILION\Desktop\IMG\right_2023_05_01_16_04_45_042.jpg,0,0,0.1054299,0.0005762519
C:\Users\HP PAVILION\Desktop\IMG\center_2023_05_01_16_04_45_136.jpg,C:\Users\HP PAVILION\Desktop\IMG\left_2023_05_01_16_04_45_136.jpg,C:\Users\HP PAVILION\Desktop\IMG\right_2023_05_01_16_04_45_136.jpg,0,0,0.3844104,0.001217371
C:\Users\HP PAVILION\Desktop\IMG\center_2023_05_01_16_04_45_202.jpg,C:\Users\HP PAVILION\Desktop\IMG\left_2023_05_01_16_04_45_202.jpg,C:\Users\HP PAVILION\Desktop\IMG\right_2023_05_01_16_04_45_202.jpg,0,0,0.5880378,0.001166192
C:\Users\HP PAVILION\Desktop\IMG\center_2023_05_01_16_04_45_270.jpg,C:\Users\HP PAVILION\Desktop\IMG\left_2023_05_01_16_04_45_270.jpg,C:\Users\HP PAVILION\Desktop\IMG\right_2023_05_01_16_04_45_270.jpg,0,0,0.7958406,0.000290762
C:\Users\HP PAVILION\Desktop\IMG\center_2023_05_01_16_04_45_375.jpg,C:\Users\HP PAVILION\Desktop\IMG\left_2023_05_01_16_04_45_375.jpg,C:\Users\HP PAVILION\Desktop\IMG\right_2023_05_01_16_04_45_375.jpg,0,0,1,0.001266828
C:\Users\HP PAVILION\Desktop\IMG\center_2023_05_01_16_04_45_440.jpg,C:\Users\HP PAVILION\Desktop\IMG\left_2023_05_01_16_04_45_440.jpg,C:\Users\HP PAVILION\Desktop\IMG\right_2023_05_01_16_04_45_440.jpg,0,0,1,0.001270106
C:\Users\HP PAVILION\Desktop\IMG\center_2023_05_01_16_04_45_538.jpg,C:\Users\HP PAVILION\Desktop\IMG\left_2023_05_01_16_04_45_538.jpg,C:\Users\HP PAVILION\Desktop\IMG\right_2023_05_01_16_04_45_538.jpg,0,0,1,0.002772727
C:\Users\HP PAVILION\Desktop\IMG\center_2023_05_01_16_04_45_618.jpg,C:\Users\HP PAVILION\Desktop\IMG\left_2023_05_01_16_04_45_618.jpg,C:\Users\HP PAVILION\Desktop\IMG\right_2023_05_01_16_04_45_618.jpg,0,0,0.8833804,0.001503383
C:\Users\HP PAVILION\Desktop\IMG\center_2023_05_01_16_04_45_707.jpg,C:\Users\HP PAVILION\Desktop\IMG\left_2023_05_01_16_04_45_707.jpg,C:\Users\HP PAVILION\Desktop\IMG\right_2023_05_01_16_04_45_707.jpg,0,0,0.6170821,0.001412514
C:\Users\HP PAVILION\Desktop\IMG\center_2023_05_01_16_04_45_779.jpg,C:\Users\HP PAVILION\Desktop\IMG\left_2023_05_01_16_04_45_779.jpg,C:\Users\HP PAVILION\Desktop\IMG\right_2023_05_01_16_04_45_779.jpg,0,0,0.3655225,0.0003528334
C:\Users\HP PAVILION\Desktop\IMG\center_2023_05_01_16_04_45_882.jpg,C:\Users\HP PAVILION\Desktop\IMG\left_2023_05_01_16_04_45_882.jpg,C:\Users\HP PAVILION\Desktop\IMG\right_2023_05_01_16_04_45_882.jpg,0,0,0.1207579,0.001154442
C:\Users\HP PAVILION\Desktop\IMG\center_2023_05_01_16_04_45_950.jpg,C:\Users\HP PAVILION\Desktop\IMG\left_2023_05_01_16_04_45_950.jpg,C:\Users\HP PAVILION\Desktop\IMG\right_2023_05_01_16_04_45_950.jpg,0,0,0,0.00316929
C:\Users\HP PAVILION\Desktop\IMG\center_2023_05_01_16_04_46_034.jpg,C:\Users\HP PAVILION\Desktop\IMG\left_2023_05_01_16_04_46_034.jpg,C:\Users\HP PAVILION\Desktop\IMG\right_2023_05_01_16_04_46_034.jpg,0,0,0,0.003855269
C:\Users\HP PAVILION\Desktop\IMG\center_2023_05_01_16_04_46_120.jpg,C:\Users\HP PAVILION\Desktop\IMG\left_2023_05_01_16_04_46_120.jpg,C:\Users\HP PAVILION\Desktop\IMG\right_2023_05_01_16_04_46_120.jpg,0,0,0,0.00406848
C:\Users\HP PAVILION\Desktop\IMG\center_2023_05_01_16_04_46_230.jpg,C:\Users\HP PAVILION\Desktop\IMG\left_2023_05_01_16_04_46_230.jpg,C:\Users\HP PAVILION\Desktop\IMG\right_2023_05_01_16_04_46_230.jpg,0,0.0811374,0,0.00425213
C:\Users\HP PAVILION\Desktop\IMG\center_2023_05_01_16_04_46_306.jpg,C:\Users\HP PAVILION\Desktop\IMG\left_2023_05_01_16_04_46_306.jpg,C:\Users\HP PAVILION\Desktop\IMG\right_2023_05_01_16_04_46_306.jpg,0,0.1411356,0,0.003833669
C:\Users\HP PAVILION\Desktop\IMG\center_2023_05_01_16_04_46_408.jpg,C:\Users\HP PAVILION\Desktop\IMG\left_2023_05_01_16_04_46_408.jpg,C:\Users\HP PAVILION\Desktop\IMG\right_2023_05_01_16_04_46_408.jpg,0,0,0,0.002493703
C:\Users\HP PAVILION\Desktop\IMG\center_2023_05_01_16_04_46_505.jpg,C:\Users\HP PAVILION\Desktop\IMG\left_2023_05_01_16_04_46_505.jpg,C:\Users\HP PAVILION\Desktop\IMG\right_2023_05_01_16_04_46_505.jpg,0,0,0,0.0003915899
C:\Users\HP PAVILION\Desktop\IMG\center_2023_05_01_16_04_46_608.jpg,C:\Users\HP PAVILION\Desktop\IMG\left_2023_05_01_16_04_46_608.jpg,C:\Users\HP PAVILION\Desktop\IMG\right_2023_05_01_16_04_46_608.jpg,0,0,0,0.001594612
C:\Users\HP PAVILION\Desktop\IMG\center_2023_05_01_16_04_46_674.jpg,C:\Users\HP PAVILION\Desktop\IMG\left_2023_05_01_16_04_46_674.jpg,C:\Users\HP PAVILION\Desktop\IMG\right_2023_05_01_16_04_46_674.jpg,0,0,0,0.002306655
C:\Users\HP PAVILION\Desktop\IMG\center_2023_05_01_16_04_46_743.jpg,C:\Users\HP PAVILION\Desktop\IMG\left_2023_05_01_16_04_46_743.jpg,C:\Users\HP PAVILION\Desktop\IMG\right_2023_05_01_16_04_46_743.jpg,0,0,0,0.002757737
C:\Users\HP PAVILION\Desktop\IMG\center_2023_05_01_16_04_46_813.jpg,C:\Users\HP PAVILION\Desktop\IMG\left_2023_05_01_16_04_46_813.jpg,C:\Users\HP PAVILION\Desktop\IMG\right_2023_05_01_16_04_46_813.jpg,0,0,0,0.002948852
C:\Users\HP PAVILION\Desktop\IMG\center_2023_05_01_16_04_46_885.jpg,C:\Users\HP PAVILION\Desktop\IMG\left_2023_05_01_16_04_46_885.jpg,C:\Users\HP PAVILION\Desktop\IMG\right_2023_05_01_16_04_46_885.jpg,0,0,0,0.002950539
C:\Users\HP PAVILION\Desktop\IMG\center_2023_05_01_16_04_46_983.jpg,C:\Users\HP PAVILION\Desktop\IMG\left_2023_05_01_16_04_46_983.jpg,C:\Users\HP PAVILION\Desktop\IMG\right_2023_05_01_16_04_46_983.jpg,0,0,0,0.002278935
C:\Users\HP PAVILION\Desktop\IMG\center_2023_05_01_16_04_47_081.jpg,C:\Users\HP PAVILION\Desktop\IMG\left_2023_05_01_16_04_47_081.jpg,C:\Users\HP PAVILION\Desktop\IMG\right_2023_05_01_16_04_47_081.jpg,0,0,0,0.001710454
C:\Users\HP PAVILION\Desktop\IMG\center_2023_05_01_16_04_47_147.jpg,C:\Users\HP PAVILION\Desktop\IMG\left_2023_05_01_16_04_47_147.jpg,C:\Users\HP PAVILION\Desktop\IMG\right_2023_05_01_16_04_47_147.jpg,0,0,0,0.000619455
C:\Users\HP PAVILION\Desktop\IMG\center_2023_05_01_16_04_47_215.jpg,C:\Users\HP PAVILION\Desktop\IMG\left_2023_05_01_16_04_47_215.jpg,C:\Users\HP PAVILION\Desktop\IMG\right_2023_05_01_16_04_47_215.jpg,0.05,0,0,0.0001979813
C:\Users\HP PAVILION\Desktop\IMG\center_2023_05_01_16_04_47_284.jpg,C:\Users\HP PAVILION\Desktop\IMG\left_2023_05_01_16_04_47_284.jpg,C:\Users\HP PAVILION\Desktop\IMG\right_2023_05_01_16_04_47_284.jpg,0,0,0,0.0004081449
C:\Users\HP PAVILION\Desktop\IMG\center_2023_05_01_16_04_47_351.jpg,C:\Users\HP PAVILION\Desktop\IMG\left_2023_05_01_16_04_47_351.jpg,C:\Users\HP PAVILION\Desktop\IMG\right_2023_05_01_16_04_47_351.jpg,0.15,0,0,0.0007184388
C:\Users\HP PAVILION\Desktop\IMG\center_2023_05_01_16_04_47_424.jpg,C:\Users\HP PAVILION\Desktop\IMG\left_2023_05_01_16_04_47_424.jpg,C:\Users\HP PAVILION\Desktop\IMG\right_2023_05_01_16_04_47_424.jpg,0,0,0,0.0002266924
C:\Users\HP PAVILION\Desktop\IMG\center_2023_05_01_16_04_47_522.jpg,C:\Users\HP PAVILION\Desktop\IMG\left_2023_05_01_16_04_47_522.jpg,C:\Users\HP PAVILION\Desktop\IMG\right_2023_05_01_16_04_47_522.jpg,0,0,0,0.001005064
C:\Users\HP PAVILION\Desktop\IMG\center_2023_05_01_16_04_47_593.jpg,C:\Users\HP PAVILION\Desktop\IMG\left_2023_05_01_16_04_47_593.jpg,C:\Users\HP PAVILION\Desktop\IMG\right_2023_05_01_16_04_47_593.jpg,0.05,0,0,0.001354534
C:\Users\HP PAVILION\Desktop\IMG\center_2023_05_01_16_04_47_689.jpg,C:\Users\HP PAVILION\Desktop\IMG\left_2023_05_01_16_04_47_689.jpg,C:\Users\HP PAVILION\Desktop\IMG\right_2023_05_01_16_04_47_689.jpg,0,0,0,0.00178451
C:\Users\HP PAVILION\Desktop\IMG\center_2023_05_01_16_04_47_755.jpg,C:\Users\HP PAVILION\Desktop\IMG\left_2023_05_01_16_04_47_755.jpg,C:\Users\HP PAVILION\Desktop\IMG\right_2023_05_01_16_04_47_755.jpg,0,0,0,0.001813595
C:\Users\HP PAVILION\Desktop\IMG\center_2023_05_01_16_04_47_828.jpg,C:\Users\HP PAVILION\Desktop\IMG\left_2023_05_01_16_04_47_828.jpg,C:\Users\HP PAVILION\Desktop\IMG\right_2023_05_01_16_04_47_828.jpg,0,0,0,0.00169249
C:\Users\HP PAVILION\Desktop\IMG\center_2023_05_01_16_04_47_926.jpg,C:\Users\HP PAVILION\Desktop\IMG\left_2023_05_01_16_04_47_926.jpg,C:\Users\HP PAVILION\Desktop\IMG\right_2023_05_01_16_04_47_926.jpg,0,0,0,0.001353493
C:\Users\HP PAVILION\Desktop\IMG\center_2023_05_01_16_04_47_994.jpg,C:\Users\HP PAVILION\Desktop\IMG\left_2023_05_01_16_04_47_994.jpg,C:\Users\HP PAVILION\Desktop\IMG\right_2023_05_01_16_04_47_994.jpg,0,0,0,0.001072336
C:\Users\HP PAVILION\Desktop\IMG\center_2023_05_01_16_04_48_063.jpg,C:\Users\HP PAVILION\Desktop\IMG\left_2023_05_01_16_04_48_063.jpg,C:\Users\HP PAVILION\Desktop\IMG\right_2023_05_01_16_04_48_063.jpg,0,0,0,0.0004756195
C:\Users\HP PAVILION\Desktop\IMG\center_2023_05_01_16_04_48_163.jpg,C:\Users\HP PAVILION\Desktop\IMG\left_2023_05_01_16_04_48_163.jpg,C:\Users\HP PAVILION\Desktop\IMG\right_2023_05_01_16_04_48_163.jpg,0,0,0,0.0002401821
C:\Users\HP PAVILION\Desktop\IMG\center_2023_05_01_16_04_48_230.jpg,C:\Users\HP PAVILION\Desktop\IMG\left_2023_05_01_16_04_48_230.jpg,C:\Users\HP PAVILION\Desktop\IMG\right_2023_05_01_16_04_48_230.jpg,0,0,0,0.0002172467
C:\Users\HP PAVILION\Desktop\IMG\center_2023_05_01_16_04_48_332.jpg,C:\Users\HP PAVILION\Desktop\IMG\left_2023_05_01_16_04_48_332.jpg,C:\Users\HP PAVILION\Desktop\IMG\right_2023_05_01_16_04_48_332.jpg,0,0,0,0.0002847704
C:\Users\HP PAVILION\Desktop\IMG\center_2023_05_01_16_04_48_433.jpg,C:\Users\HP PAVILION\Desktop\IMG\left_2023_05_01_16_04_48_433.jpg,C:\Users\HP PAVILION\Desktop\IMG\right_2023_05_01_16_04_48_433.jpg,0,0,0,0.0005016673
C:\Users\HP PAVILION\Desktop\IMG\center_2023_05_01_16_04_48_532.jpg,C:\Users\HP PAVILION\Desktop\IMG\left_2023_05_01_16_04_48_532.jpg,C:\Users\HP PAVILION\Desktop\IMG\right_2023_05_01_16_04_48_532.jpg,0,0,0,0.0004167935
C:\Users\HP PAVILION\Desktop\IMG\center_2023_05_01_16_04_48_638.jpg,C:\Users\HP PAVILION\Desktop\IMG\left_2023_05_01_16_04_48_638.jpg,C:\Users\HP PAVILION\Desktop\IMG\right_2023_05_01_16_04_48_638.jpg,0,0,0,0.0002386299
C:\Users\HP PAVILION\Desktop\IMG\center_2023_05_01_16_04_48_711.jpg,C:\Users\HP PAVILION\Desktop\IMG\left_2023_05_01_16_04_48_711.jpg,C:\Users\HP PAVILION\Desktop\IMG\right_2023_05_01_16_04_48_711.jpg,0,0,0,0.0002159292
C:\Users\HP PAVILION\Desktop\IMG\center_2023_05_01_16_04_48_786.jpg,C:\Users\HP PAVILION\Desktop\IMG\left_2023_05_01_16_04_48_786.jpg,C:\Users\HP PAVILION\Desktop\IMG\right_2023_05_01_16_04_48_786.jpg,0,0,0,0.0001796908
C:\Users\HP PAVILION\Desktop\IMG\center_2023_05_01_16_04_48_865.jpg,C:\Users\HP PAVILION\Desktop\IMG\left_2023_05_01_16_04_48_865.jpg,C:\Users\HP PAVILION\Desktop\IMG\right_2023_05_01_16_04_48_865.jpg,0,0,0,0.0002681818
C:\Users\HP PAVILION\Desktop\IMG\center_2023_05_01_16_04_48_933.jpg,C:\Users\HP PAVILION\Desktop\IMG\left_2023_05_01_16_04_48_933.jpg,C:\Users\HP PAVILION\Desktop\IMG\right_2023_05_01_16_04_48_933.jpg,0,0,0,0.0003310519
C:\Users\HP PAVILION\Desktop\IMG\center_2023_05_01_16_04_49_003.jpg,C:\Users\HP PAVILION\Desktop\IMG\left_2023_05_01_16_04_49_003.jpg,C:\Users\HP PAVILION\Desktop\IMG\right_2023_05_01_16_04_49_003.jpg,0,0,0,0.0004096953
C:\Users\HP PAVILION\Desktop\IMG\center_2023_05_01_16_04_49_074.jpg,C:\Users\HP PAVILION\Desktop\IMG\left_2023_05_01_16_04_49_074.jpg,C:\Users\HP PAVILION\Desktop\IMG\right_2023_05_01_16_04_49_074.jpg,0,0,0,0.0004346241
C:\Users\HP PAVILION\Desktop\IMG\center_2023_05_01_16_04_49_149.jpg,C:\Users\HP PAVILION\Desktop\IMG\left_2023_05_01_16_04_49_149.jpg,C:\Users\HP PAVILION\Desktop\IMG\right_2023_05_01_16_04_49_149.jpg,0,0,0,0.0006250245
C:\Users\HP PAVILION\Desktop\IMG\center_2023_05_01_16_04_49_253.jpg,C:\Users\HP PAVILION\Desktop\IMG\left_2023_05_01_16_04_49_253.jpg,C:\Users\HP PAVILION\Desktop\IMG\right_2023_05_01_16_04_49_253.jpg,0,0,0,0.0004528709
C:\Users\HP PAVILION\Desktop\IMG\center_2023_05_01_16_04_49_326.jpg,C:\Users\HP PAVILION\Desktop\IMG\left_2023_05_01_16_04_49_326.jpg,C:\Users\HP PAVILION\Desktop\IMG\right_2023_05_01_16_04_49_326.jpg,0,0,0,0.0005842232
C:\Users\HP PAVILION\Desktop\IMG\center_2023_05_01_16_04_49_422.jpg,C:\Users\HP PAVILION\Desktop\IMG\left_2023_05_01_16_04_49_422.jpg,C:\Users\HP PAVILION\Desktop\IMG\right_2023_05_01_16_04_49_422.jpg,0,0,0,0.0004944074
C:\Users\HP PAVILION\Desktop\IMG\center_2023_05_01_16_04_49_517.jpg,C:\Users\HP PAVILION\Desktop\IMG\left_2023_05_01_16_04_49_517.jpg,C:\Users\HP PAVILION\Desktop\IMG\right_2023_05_01_16_04_49_517.jpg,0,0,0,0.0003276136
C:\Users\HP PAVILION\Desktop\IMG\center_2023_05_01_16_04_49_586.jpg,C:\Users\HP PAVILION\Desktop\IMG\left_2023_05_01_16_04_49_586.jpg,C:\Users\HP PAVILION\Desktop\IMG\right_2023_05_01_16_04_49_586.jpg,0,0,0,0.0002665739
C:\Users\HP PAVILION\Desktop\IMG\center_2023_05_01_16_04_49_657.jpg,C:\Users\HP PAVILION\Desktop\IMG\left_2023_05_01_16_04_49_657.jpg,C:\Users\HP PAVILION\Desktop\IMG\right_2023_05_01_16_04_49_657.jpg,0,0,0,0.0002406185
C:\Users\HP PAVILION\Desktop\IMG\center_2023_05_01_16_04_49_724.jpg,C:\Users\HP PAVILION\Desktop\IMG\left_2023_05_01_16_04_49_724.jpg,C:\Users\HP PAVILION\Desktop\IMG\right_2023_05_01_16_04_49_724.jpg,0,0,0,0.000218887
C:\Users\HP PAVILION\Desktop\IMG\center_2023_05_01_16_04_49_818.jpg,C:\Users\HP PAVILION\Desktop\IMG\left_2023_05_01_16_04_49_818.jpg,C:\Users\HP PAVILION\Desktop\IMG\right_2023_05_01_16_04_49_818.jpg,0,0,0,0.0003211738
C:\Users\HP PAVILION\Desktop\IMG\center_2023_05_01_16_04_49_886.jpg,C:\Users\HP PAVILION\Desktop\IMG\left_2023_05_01_16_04_49_886.jpg,C:\Users\HP PAVILION\Desktop\IMG\right_2023_05_01_16_04_49_886.jpg,0,0,0,0.0002367861
C:\Users\HP PAVILION\Desktop\IMG\center_2023_05_01_16_04_49_983.jpg,C:\Users\HP PAVILION\Desktop\IMG\left_2023_05_01_16_04_49_983.jpg,C:\Users\HP PAVILION\Desktop\IMG\right_2023_05_01_16_04_49_983.jpg,0,0,0,0.0002498825
C:\Users\HP PAVILION\Desktop\IMG\center_2023_05_01_16_04_50_052.jpg,C:\Users\HP PAVILION\Desktop\IMG\left_2023_05_01_16_04_50_052.jpg,C:\Users\HP PAVILION\Desktop\IMG\right_2023_05_01_16_04_50_052.jpg,0,0,0,0.0002343997
C:\Users\HP PAVILION\Desktop\IMG\center_2023_05_01_16_04_50_118.jpg,C:\Users\HP PAVILION\Desktop\IMG\left_2023_05_01_16_04_50_118.jpg,C:\Users\HP PAVILION\Desktop\IMG\right_2023_05_01_16_04_50_118.jpg,0,0,0,0.0002331252
C:\Users\HP PAVILION\Desktop\IMG\center_2023_05_01_16_04_50_218.jpg,C:\Users\HP PAVILION\Desktop\IMG\left_2023_05_01_16_04_50_218.jpg,C:\Users\HP PAVILION\Desktop\IMG\right_2023_05_01_16_04_50_218.jpg,0,0,0,0.0002536311
C:\Users\HP PAVILION\Desktop\IMG\center_2023_05_01_16_04_50_428.jpg,C:\Users\HP PAVILION\Desktop\IMG\left_2023_05_01_16_04_50_428.jpg,C:\Users\HP PAVILION\Desktop\IMG\right_2023_05_01_16_04_50_428.jpg,0,0,0,0.0002530043
C:\Users\HP PAVILION\Desktop\IMG\center_2023_05_01_16_05_03_386.jpg,C:\Users\HP PAVILION\Desktop\IMG\left_2023_05_01_16_05_03_386.jpg,C:\Users\HP PAVILION\Desktop\IMG\right_2023_05_01_16_05_03_386.jpg,0,0,0,0.000220812
C:\Users\HP PAVILION\Desktop\IMG\center_2023_05_01_16_05_03_481.jpg,C:\Users\HP PAVILION\Desktop\IMG\left_2023_05_01_16_05_03_481.jpg,C:\Users\HP PAVILION\Desktop\IMG\right_2023_05_01_16_05_03_481.jpg,0,0,0,0.0002155836
C:\Users\HP PAVILION\Desktop\IMG\center_2023_05_01_16_05_03_554.jpg,C:\Users\HP PAVILION\Desktop\IMG\left_2023_05_01_16_05_03_554.jpg,C:\Users\HP PAVILION\Desktop\IMG\right_2023_05_01_16_05_03_554.jpg,0,0,0,0.0001867051
C:\Users\HP PAVILION\Desktop\IMG\center_2023_05_01_16_05_03_631.jpg,C:\Users\HP PAVILION\Desktop\IMG\left_2023_05_01_16_05_03_631.jpg,C:\Users\HP PAVILION\Desktop\IMG\right_2023_05_01_16_05_03_631.jpg,0,0,0,0.0002086387
C:\Users\HP PAVILION\Desktop\IMG\center_2023_05_01_16_05_03_699.jpg,C:\Users\HP PAVILION\Desktop\IMG\left_2023_05_01_16_05_03_699.jpg,C:\Users\HP PAVILION\Desktop\IMG\right_2023_05_01_16_05_03_699.jpg,0,0,0,0.0002019976
C:\Users\HP PAVILION\Desktop\IMG\center_2023_05_01_16_05_03_777.jpg,C:\Users\HP PAVILION\Desktop\IMG\left_2023_05_01_16_05_03_777.jpg,C:\Users\HP PAVILION\Desktop\IMG\right_2023_05_01_16_05_03_777.jpg,0,0,0,0.0001323819
C:\Users\HP PAVILION\Desktop\IMG\center_2023_05_01_16_05_03_881.jpg,C:\Users\HP PAVILION\Desktop\IMG\left_2023_05_01_16_05_03_881.jpg,C:\Users\HP PAVILION\Desktop\IMG\right_2023_05_01_16_05_03_881.jpg,0,0,0,0.0002287912
C:\Users\HP PAVILION\Desktop\IMG\center_2023_05_01_16_05_03_968.jpg,C:\Users\HP PAVILION\Desktop\IMG\left_2023_05_01_16_05_03_968.jpg,C:\Users\HP PAVILION\Desktop\IMG\right_2023_05_01_16_05_03_968.jpg,0,0,0,0.0002485701
C:\Users\HP PAVILION\Desktop\IMG\center_2023_05_01_16_05_04_065.jpg,C:\Users\HP PAVILION\Desktop\IMG\left_2023_05_01_16_05_04_065.jpg,C:\Users\HP PAVILION\Desktop\IMG\right_2023_05_01_16_05_04_065.jpg,0,0,0,0.0003022127
C:\Users\HP PAVILION\Desktop\IMG\center_2023_05_01_16_05_04_161.jpg,C:\Users\HP PAVILION\Desktop\IMG\left_2023_05_01_16_05_04_161.jpg,C:\Users\HP PAVILION\Desktop\IMG\right_2023_05_01_16_05_04_161.jpg,0,0,0,0.0001892754
C:\Users\HP PAVILION\Desktop\IMG\center_2023_05_01_16_05_04_247.jpg,C:\Users\HP PAVILION\Desktop\IMG\left_2023_05_01_16_05_04_247.jpg,C:\Users\HP PAVILION\Desktop\IMG\right_2023_05_01_16_05_04_247.jpg,0,0,0,0.0003332997
C:\Users\HP PAVILION\Desktop\IMG\center_2023_05_01_16_05_04_476.jpg,C:\Users\HP PAVILION\Desktop\IMG\left_2023_05_01_16_05_04_476.jpg,C:\Users\HP PAVILION\Desktop\IMG\right_2023_05_01_16_05_04_476.jpg,0,0,0,0.0003594723
